Category,Job Title,Count
Technology & Data Science,Software Engineer,518
Technology & Data Science,Data Scientist,453
Technology & Data Science,Software Engineer Manager,376
Technology & Data Science,Data Analyst,363
Technology & Data Science,Senior Software Engineer,244
Technology & Data Science,Software Developer,125
Technology & Data Science,Senior Data Scientist,61
Technology & Data Science,Junior Software Developer,58
Technology & Data Science,Director of Data Science,57
Technology & Data Science,Digital Marketing Manager,52
Technology & Data Science,Junior Software Engineer,51
Technology & Data Science,Junior Data Analyst,25
Technology & Data Science,Digital Marketing Specialist,15
Technology & Data Science,Senior Data Analyst,3
Technology & Data Science,Senior Software Developer,3
Technology & Data Science,Senior IT Consultant,2
Technology & Data Science,Recruiter,2
Technology & Data Science,Senior Quality Assurance Analyst,1
Technology & Data Science,Director of Human Capital,1
Technology & Data Science,Senior IT Project Manager,1
Technology & Data Science,IT Support,1
Technology & Data Science,Software Manager,1
Technology & Data Science,Senior Software Architect,1
Technology & Data Science,Technical Writer,1
Technology & Data Science,Junior Data Scientist,1
Technology & Data Science,IT Manager,1
Technology & Data Science,Software Project Manager,1
Technology & Data Science,IT Support Specialist,1
Technology & Data Science,Digital Content Producer,1
Technology & Data Science,Technical Recruiter,1
Technology & Data Science,Training Specialist,1
Technology & Data Science,Chief Technology Officer,1
Technology & Data Science,Supply Chain Manager,1
Technology & Data Science,Junior Copywriter,1
Technology & Data Science,Senior IT Support Specialist,1
Technology & Data Science,Junior Recruiter,1
Technology & Data Science,Network Engineer,1
Technology & Data Science,Copywriter,1
Technology & Data Science,Senior Training Specialist,1
Technology & Data Science,Supply Chain Analyst,1
Business & Entrepreneurship,Marketing Manager,255
Business & Entrepreneurship,Marketing Coordinator,158
Business & Entrepreneurship,Marketing Analyst,132
Business & Entrepreneurship,Director of Marketing,88
Business & Entrepreneurship,Content Marketing Manager,73
Business & Entrepreneurship,Senior Product Marketing Manager,69
Business & Entrepreneurship,Director of HR,69
Business & Entrepreneurship,Marketing Director,64
Business & Entrepreneurship,Junior HR Generalist,60
Business & Entrepreneurship,Junior Marketing Manager,51
Business & Entrepreneurship,Senior HR Generalist,42
Business & Entrepreneurship,Junior HR Coordinator,29
Business & Entrepreneurship,Senior Marketing Analyst,9
Business & Entrepreneurship,Senior Marketing Manager,9
Business & Entrepreneurship,Junior Marketing Coordinator,6
Business & Entrepreneurship,Junior Marketing Specialist,5
Business & Entrepreneurship,Senior Marketing Specialist,4
Business & Entrepreneurship,Senior HR Manager,3
Business & Entrepreneurship,Junior Marketing Analyst,3
Business & Entrepreneurship,Senior Marketing Coordinator,3
Business & Entrepreneurship,Juniour HR Coordinator,3
Business & Entrepreneurship,Juniour HR Generalist,3
Business & Entrepreneurship,HR Generalist,2
Business & Entrepreneurship,HR Manager,2
Business & Entrepreneurship,Director of Sales and Marketing,1
Business & Entrepreneurship,Senior Marketing Director,1
Business & Entrepreneurship,Senior HR Specialist,1
Business & Entrepreneurship,Product Marketing Manager,1
Business & Entrepreneurship,Marketing Specialist,1
Career & Professional Development,Research Director,75
Career & Professional Development,Research Scientist,69
Career & Professional Development,Senior Research Scientist,49
Career & Professional Development,Junior Research Scientist,1
Career & Professional Development,UX Researcher,1
Career & Professional Development,Senior Researcher,1
Creative & Design,Product Designer,75
Creative & Design,Graphic Designer,22
Creative & Design,Senior Product Designer,5
Creative & Design,Senior UX Designer,3
Creative & Design,Junior UX Designer,1
Creative & Design,Senior Graphic Designer,1
Creative & Design,Junior Designer,1
Creative & Design,UX Designer,1
Creative & Design,Junior Web Designer,1
Social Impact & Humanities,Human Resources Manager,104
Social Impact & Humanities,Human Resources Coordinator,49
Social Impact & Humanities,Senior Human Resources Manager,48
Social Impact & Humanities,Director of Human Resources,2
Social Impact & Humanities,Senior Human Resources Specialist,1
Social Impact & Humanities,Senior Human Resources Coordinator,1
Social Impact & Humanities,Human Resources Director,1
Technical & Engineering Fields,Director of Engineering,2
Media & Communication,Social Media Manager,14
Media & Communication,Junior Social Media Manager,1
Media & Communication,Social Media Specialist,1
Media & Communication,Social Media Man,1
Media & Communication,Junior Social Media Specialist,1
Service & Customer-Oriented,Customer Service Representative,6
Service & Customer-Oriented,Customer Service Manager,2
Service & Customer-Oriented,Customer Service Rep,1
Service & Customer-Oriented,Junior Customer Support Specialist,1
Uncategorized,Senior Project Engineer,318
Uncategorized,Product Manager,313
Uncategorized,Full Stack Engineer,309
Uncategorized,Back end Developer,244
Uncategorized,Front end Developer,241
Uncategorized,Junior Sales Associate,142
Uncategorized,Financial Manager,134
Uncategorized,Operations Manager,114
Uncategorized,Web Developer,87
Uncategorized,Sales Associate,70
Uncategorized,Sales Director,63
Uncategorized,Receptionist,57
Uncategorized,Sales Manager,56
Uncategorized,Junior Web Developer,42
Uncategorized,Junior Sales Representative,41
Uncategorized,Financial Analyst,39
Uncategorized,Sales Executive,38
Uncategorized,Sales Representative,38
Uncategorized,Front End Developer,31
Uncategorized,Project Manager,22
Uncategorized,Director of Operations,11
Uncategorized,Senior Business Analyst,10
Uncategorized,Junior Business Analyst,8
Uncategorized,Senior Financial Analyst,7
Uncategorized,Junior Financial Analyst,7
Uncategorized,Senior Project Manager,7
Uncategorized,Junior Business Development Associate,7
Uncategorized,Senior Product Manager,6
Uncategorized,Junior Operations Analyst,5
Uncategorized,Junior Project Manager,5
Uncategorized,Senior Project Coordinator,5
Uncategorized,Senior Financial Manager,5
Uncategorized,Senior Operations Manager,5
Uncategorized,Delivery Driver,5
Uncategorized,Senior Business Development Manager,4
Uncategorized,Junior Product Manager,4
Uncategorized,Senior Data Engineer,4
Uncategorized,Senior Operations Coordinator,4
Uncategorized,Senior Financial Advisor,3
Uncategorized,Junior Operations Manager,3
Uncategorized,Junior Accountant,3
Uncategorized,Senior Scientist,3
Uncategorized,Event Coordinator,2
Uncategorized,Senior Accountant,2
Uncategorized,Senior Sales Manager,2
Uncategorized,Administrative Assistant,2
Uncategorized,Junior Business Operations Analyst,2
Uncategorized,Senior Manager,2
Uncategorized,Director of Finance,2
Uncategorized,Business Analyst,2
Uncategorized,Senior Operations Analyst,2
Uncategorized,Junior Account Manager,2
Uncategorized,Senior Sales Representative,2
Uncategorized,Senior Engineer,2
Uncategorized,Senior Account Executive,1
Uncategorized,Junior Advertising Coordinator,1
Uncategorized,Director of Business Development,1
Uncategorized,Financial Advisor,1
Uncategorized,Social M,1
Uncategorized,Director,1
Uncategorized,Data Entry Clerk,1
Uncategorized,Developer,1
Uncategorized,VP of Operations,1
Uncategorized,Junior Financial Advisor,1
Uncategorized,Junior Developer,1
Uncategorized,Junior Operations Coordinator,1
Uncategorized,Senior Consultant,1
Uncategorized,Senior Product Development Manager,1
Uncategorized,Technical Support Specialist,1
Uncategorized,Principal Engineer,1
Uncategorized,Office Manager,1
Uncategorized,Customer Success Manager,1
Uncategorized,Business Development Manager,1
Uncategorized,Chief Data Officer,1
Uncategorized,Creative Director,1
Uncategorized,CEO,1
Uncategorized,Operations Analyst,1
Uncategorized,Public Relations Manager,1
Uncategorized,Principal Scientist,1
Uncategorized,VP of Finance,1
Uncategorized,Business Intelligence Analyst,1
Uncategorized,Sales Operations Manager,1
Uncategorized,Accountant,1
Uncategorized,Senior Account Manager,1
Uncategorized,Director of Product Management,1
Uncategorized,Project Engineer,1
Uncategorized,Customer Success Rep,1
Uncategorized,Director of Sales,1
Uncategorized,Operations Director,1
Uncategorized,Strategy Consultant,1
Uncategorized,Account Manager,1
Uncategorized,Help Desk Analyst,1
